passive,estimate,ci.lower,ci.upper,response
FALSE,0.3214653054325443,0.06277618506006095,0.7669214182803548,associations
TRUE,0.4908912246475135,0.14529978191812354,0.8358684734032824,associations
