passive,estimate,ci.lower,ci.upper,response
FALSE,0.045884356807934304,0.006165043754013826,0.268661386819532,objects
TRUE,0.0600530145677214,0.010466856710428105,0.2737921999629884,objects
