passive,estimate,ci.lower,ci.upper,response
FALSE,0.09244820934028829,0.009926334328798131,0.4915675297918036,actors
TRUE,0.138059527288954,0.02006220825055609,0.5404600856127152,actors
